{
  "sr": 22050,
  "duration": 4.0,
  "n_mels": 128,
  "hop_length": 512,
  "n_fft": 2048,
  "X_mean": -30.822877883911133,
  "X_std": 12.150769233703613,
  "input_shape": [
    128,
    173,
    1
  ],
  "n_samples": 47336,
  "n_bruyant": 23668,
  "n_normal": 23668,
  "cv_f1_mean": 0.9937589024598278,
  "cv_f1_std": 0.00070332347821384,
  "cv_acc_mean": 0.9937679366419424,
  "cv_acc_std": 0.0007008220979119321
}